category_id,category_name,description
1,Electronics,Tech gadgets and devices
2,Apparel,Clothing and fashion
3,Home & Garden,Furniture and outdoor
4,Sports,Athletic gear
5,Beauty,Cosmetics and skincare
6,Books,Fiction and academics
7,Automotive,Car accessories
8,Toys,Childrens games
9,Groceries,Daily essentials and food
10,Health,Vitamins and supplements
11,Office,Stationery and supplies
12,Pet Supplies,Food and accessories for pets
13,Music,Instruments and vinyls
14,Movies,DVDs and Blu-rays
15,Video Games,Consoles and PC games
16,Baby,Diapers and baby care
17,Industrial,Heavy machinery and tools
