coupon_id,code,discount_percentage,valid_until
1,WELCOME10,10.0,2026-12-31
2,FESTIVE20,20.0,2026-11-15
3,DIWALI25,25.0,2026-10-30
4,NEWYEAR15,15.0,2027-01-05
5,SUMMER5,5.0,2027-05-31
6,WINTER10,10.0,2026-12-25
7,FREESHIP,100.0,2026-10-15
8,TECH15,15.0,2026-11-01
9,FASHION20,20.0,2026-10-20
10,HOME10,10.0,2026-10-25
11,SPORTS5,5.0,2026-11-10
12,BEAUTY12,12.0,2026-11-05
13,BOOKS10,10.0,2026-10-18
14,AUTO15,15.0,2026-11-20
15,TOYS20,20.0,2026-11-14
16,GROCERY5,5.0,2026-10-10
17,VIPMEMBER30,30.0,2027-12-31
