customer_id,first_name,last_name,email,city
1,Aarav,Sharma,aarav.s@example.com,Bhopal
2,Priya,Singh,priya.s@example.com,Indore
3,Rohan,Gupta,rohan.g@example.com,Bangalore
4,Neha,Verma,neha.v@example.com,Chennai
5,Aditya,Rao,aditya.r@example.com,Mumbai
6,Kavya,Nair,kavya.n@example.com,Kochi
7,Arjun,Patel,arjun.p@example.com,Ahmedabad
8,Sneha,Reddy,sneha.r@example.com,Hyderabad
9,Vikram,Iyer,vikram.i@example.com,Pune
10,Ananya,Desai,ananya.d@example.com,Surat
11,Rahul,Jain,rahul.j@example.com,Jaipur
12,Meera,Joshi,meera.j@example.com,Lucknow
13,Siddharth,Bose,siddharth.b@example.com,Kolkata
14,Pooja,Menon,pooja.m@example.com,Trivandrum
15,Karan,Malhotra,karan.m@example.com,Delhi
16,Divya,Pillai,divya.p@example.com,Coimbatore
17,Ishaan,Choudhury,ishaan.c@example.com,Guwahati
