employee_id,first_name,last_name,role
1,Ramesh,Kumar,Store Manager
2,Anita,Deshmukh,Support Agent
3,Suresh,Patel,Warehouse Lead
4,Manoj,Tiwari,Inventory Clerk
5,Geeta,Phogat,Logistics Coordinator
6,Deepak,Singh,Support Agent
7,Sunita,Rao,HR Manager
8,Rajesh,Khanna,IT Administrator
9,Kavita,Krishnan,Marketing Lead
10,Amit,Shah,Sales Associate
11,Neha,Sharma,Support Agent
12,Vinod,Kamble,Warehouse Staff
13,Pooja,Hegde,Data Analyst
14,Tarun,Gill,Support Agent
15,Simran,Kaur,Accounts Manager
16,Ajay,Devgan,Security Head
17,Alia,Bhatt,Social Media Executive
