order_id,customer_id,coupon_id,order_date,status,total_amount
101,1,1,2026-10-01,Shipped,4500.0
102,2,,2026-10-01,Pending,1200.0
103,3,2,2026-10-02,Delivered,800.0
104,4,,2026-10-02,Shipped,600.0
105,5,3,2026-10-03,Cancelled,450.0
106,6,,2026-10-03,Delivered,950.0
107,7,4,2026-10-04,Shipped,3200.0
108,8,,2026-10-04,Pending,5400.0
109,9,5,2026-10-05,Delivered,350.0
110,10,,2026-10-05,Shipped,2200.0
111,11,6,2026-10-06,Pending,8500.0
112,12,,2026-10-06,Delivered,250.0
113,13,7,2026-10-07,Shipped,6500.0
114,14,,2026-10-07,Pending,799.0
115,15,8,2026-10-08,Delivered,5990.0
116,16,,2026-10-08,Shipped,4500.0
117,17,9,2026-10-09,Pending,2800.0
