payment_id,order_id,payment_date,payment_method,amount_paid
1,101,2026-10-01,Credit Card,4500.0
2,102,2026-10-01,UPI,1200.0
3,103,2026-10-02,Net Banking,800.0
4,104,2026-10-02,Debit Card,600.0
5,105,2026-10-03,UPI,450.0
6,106,2026-10-03,Credit Card,950.0
7,107,2026-10-04,Net Banking,3200.0
8,108,2026-10-04,Debit Card,5400.0
9,109,2026-10-05,UPI,350.0
10,110,2026-10-05,Credit Card,2200.0
11,111,2026-10-06,Net Banking,8500.0
12,112,2026-10-06,UPI,250.0
13,113,2026-10-07,Credit Card,6500.0
14,114,2026-10-07,Debit Card,799.0
15,115,2026-10-08,UPI,5990.0
16,116,2026-10-08,Net Banking,4500.0
17,117,2026-10-09,Credit Card,2800.0
