shipper_id,company_name,support_email
1,FastTrack Logistics,support@fasttrack.in
2,SafeDrop Couriers,help@safedrop.in
3,BlueDart Express,care@bluedart.in
4,Delhivery,support@delhivery.com
5,Ecom Express,customercare@ecom.in
6,XpressBees,help@xpressbees.in
7,India Post,support@indiapost.gov.in
8,FedEx India,india@fedex.com
9,DHL Supply Chain,support@dhl.in
10,Shadowfax,contact@shadowfax.in
11,Gati KWE,customerservice@gati.com
12,DTDC,support@dtdc.com
13,Ekart Logistics,cs@ekart.com
14,Amazon Shipping,help@amazon.in
15,DotZot,support@dotzot.in
16,WowExpress,care@wowexpress.in
17,Professional Couriers,info@tpc.in
