shipment_id,order_id,shipper_id,ship_date,tracking_number
1,101,1,2026-10-02,TRK1001
2,103,2,2026-10-03,TRK1002
3,104,3,2026-10-03,TRK1003
4,106,4,2026-10-04,TRK1004
5,107,5,2026-10-05,TRK1005
6,109,6,2026-10-06,TRK1006
7,110,7,2026-10-06,TRK1007
8,112,8,2026-10-07,TRK1008
9,113,9,2026-10-08,TRK1009
10,115,10,2026-10-09,TRK1010
11,116,11,2026-10-09,TRK1011
12,101,12,2026-10-03,TRK1012
13,103,13,2026-10-04,TRK1013
14,104,14,2026-10-05,TRK1014
15,106,15,2026-10-06,TRK1015
16,107,16,2026-10-07,TRK1016
17,109,17,2026-10-08,TRK1017
