supplier_id,company_name,contact_phone
1,TechSource India,9876543210
2,Global Fabrics,8765432109
3,Woodland Furnishings,7654321098
4,FitGear Manufacturing,6543210987
5,Glow Cosmetics Labs,5432109876
6,Oxford Print Press,4321098765
7,AutoParts Hub,3210987654
8,Joyful Toys Ltd,2109876543
9,FreshFarms Wholesale,1098765432
10,VitalHealth Supps,9988776655
11,OfficePro Essentials,8877665544
12,HappyPets Co,7766554433
13,Melody Instruments,6655443322
14,CineMagic Distributors,5544332211
15,GamerZone Hardware,4433221100
16,TinyTots Care,3322110099
17,BuildRight Tools,2211009988
